PlantID,PlantName,AccessionID,AccessionName,ExperimentID,ExperimentName,ExperimentCondition,GrowthLocation,TrayPosition,SampleID,actualSampleName,SampleType,PlateName,PlateCoordinate,NameInWell,TubeBarcode,notes,actual_population,latitude,longitude,SampleName,population,WEpopulationWE
,,,,,,,,,S40446,BB1,leaf,Emarginata_Plate5_2014,F12,3031,,failed,o,-32.80483,116.22238,BB1_o,,5
,,,,,,,,,S40444,JS1,leaf,Emarginata_Plate5_2014,D12,2977,,failed,o,-34.07252,116.59293,JS1_o,,8
,,,,,,,,,S40178,M1,leaf,Emarginata_Plate3_2014,A3,3030,,outlier,o,-32.80471,116.22239,M1_o,,5
,,,,,,,,,S40445,M2,leaf,Emarginata_Plate5_2014,E12,2997,,outlier,o,-34.06768,116.28873,M2_o,,5
,,,,,,,,,S40267,S1T1,leaf,Emarginata_Plate4_2014,C2,2857,,,S1,-32.33939,116.07556,S1T1_S1,A,3
,,,,,,,,,S40314,S1T10,leaf,Emarginata_Plate4_2014,B8,2848,,,S1,-32.34517,116.08793,S1T10_S1,A,3
,,,,,,,,,S40169,S1T11,leaf,Emarginata_Plate3_2014,H1,2847,,failed,S1,-32.34605,116.08923,S1T11_S1,A,3
,,,,,,,,,S40194,S1T12,leaf,Emarginata_Plate3_2014,A5,2846,,,S1,-32.34712,116.09017,S1T12_S1,A,3
,,,,,,,,,S40298,S1T13,leaf,Emarginata_Plate4_2014,B6,2845,,,S1,-32.34804,116.09123,S1T13_S1,A,3
,,,,,,,,,S40319,S1T14,leaf,Emarginata_Plate4_2014,G8,2844,,,S1,-32.34943,116.09187,S1T14_S1,A,3
,,,,,,,,,S40443,S1T15,leaf,Emarginata_Plate5_2014,C12,2843,,,S1,-32.3494,116.09416,S1T15_S1,A,4
,,,,,,,,,S40201,S1T16,leaf,Emarginata_Plate3_2014,H5,2842,,,S1,-32.349,116.09586,S1T16_S1,A,4
,,,,,,,,,S40170,S1T17,leaf,Emarginata_Plate3_2014,A2,2841,,,S1,-32.34895,116.09759,S1T17_S1,A,4
,,,,,,,,,S40357,S1T18,leaf,Emarginata_Plate5_2014,E1,2840,,,S1,-32.34893,116.0993,S1T18_S1,A,4
,,,,,,,,,S40401,S1T19,leaf,Emarginata_Plate5_2014,A7,2839,,,S1,-32.34934,116.10087,S1T19_S1,A,4
,,,,,,,,,S40395,S1T2,leaf,Emarginata_Plate5_2014,C6,2856,,,S1,-32.34024,116.07703,S1T2_S1,A,3
,,,,,,,,,S40223,S1T20,leaf,Emarginata_Plate3_2014,F8,2838,,,S1,-32.35048,116.10236,S1T20_S1,A,4
,,,,,,,,,S40431,S1T3,leaf,Emarginata_Plate5_2014,G10,2855,,failed,S1,-32.3407,116.07792,S1T3_S1,A,3
,,,,,,,,,S40342,S1T4,leaf,Emarginata_Plate4_2014,F11,2854,,,S1,-32.34112,116.07947,S1T4_S1,A,3
,,,,,,,,,S40429,S1T5,leaf,Emarginata_Plate5_2014,E10,2853,,,S1,-32.342,116.08102,S1T5_S1,A,3
,,,,,,,,,S40412,S1T6,leaf,Emarginata_Plate5_2014,D8,2852,,,S1,-32.34248,116.08256,S1T6_S1,A,3
,,,,,,,,,S40437,S1T7,leaf,Emarginata_Plate5_2014,E11,2851,,,S1,-32.34357,116.08369,S1T7_S1,A,3
,,,,,,,,,S40331,S1T8,leaf,Emarginata_Plate4_2014,C10,2850,,,S1,-32.34417,116.08468,S1T8_S1,A,3
,,,,,,,,,S40428,S1T9,leaf,Emarginata_Plate5_2014,D10,2849,,,S1,-32.34487,116.08659,S1T9_S1,A,3
,,,,,,,,,S40173,S10T1,leaf,Emarginata_Plate3_2014,D2,2970,,,S10,-34.75484,116.71686,S10T1_S10,E,9
,,,,,,,,,S40349,S10T10,leaf,Emarginata_Plate4_2014,E12,2961,,failed,S10,-34.73829,116.70692,S10T10_S10,E,9
,,,,,,,,,S40175,S10T11,leaf,Emarginata_Plate3_2014,F2,2960,,,S10,-34.73678,116.70587,S10T11_S10,E,9
,,,,,,,,,S40197,S10T12,leaf,Emarginata_Plate3_2014,D5,2959,,,S10,-34.73595,116.70486,S10T12_S10,E,9
,,,,,,,,,S40435,S10T13,leaf,Emarginata_Plate5_2014,C11,2958,,,S10,-34.73526,116.70384,S10T13_S10,E,9
,,,,,,,,,S40216,S10T14,leaf,Emarginata_Plate3_2014,G7,2957,,,S10,-34.7342,116.70196,S10T14_S10,E,9
,,,,,,,,,S40330,S10T15,leaf,Emarginata_Plate4_2014,B10,2956,,,S10,-34.73116,116.69988,S10T15_S10,E,9
,,,,,,,,,S40191,S10T2,leaf,Emarginata_Plate3_2014,F4,2969,,,S10,-34.7536,116.71717,S10T2_S10,E,9
,,,,,,,,,S40278,S10T3,leaf,Emarginata_Plate4_2014,F3,2968,,,S10,-34.75063,116.71595,S10T3_S10,E,9
,,,,,,,,,S40195,S10T4,leaf,Emarginata_Plate3_2014,B5,2967,,,S10,-34.74957,116.71388,S10T4_S10,E,9
,,,,,,,,,S40433,S10T5,leaf,Emarginata_Plate5_2014,A11,2966,,,S10,-34.7485,116.71216,S10T5_S10,E,9
,,,,,,,,,S40345,S10T6,leaf,Emarginata_Plate4_2014,A12,2965,,,S10,-34.74414,116.70891,S10T6_S10,E,9
,,,,,,,,,S40206,S10T7,leaf,Emarginata_Plate3_2014,E6,2964,,,S10,-34.74298,116.70821,S10T7_S10,E,9
,,,,,,,,,S40355,S10T8,leaf,Emarginata_Plate5_2014,C1,2963,,,S10,-34.7418,116.70731,S10T8_S10,E,9
,,,,,,,,,S40413,S10T9,leaf,Emarginata_Plate5_2014,E8,2962,,,S10,-34.74038,116.70716,S10T9_S10,E,9
,,,,,,,,,S40172,S2T1,leaf,Emarginata_Plate3_2014,C2,2831,,,S2,-32.37083,116.30811,S2T1_S2,A,5
,,,,,,,,,S40217,S2T10,leaf,Emarginata_Plate3_2014,H7,2822,,,S2,-32.38213,116.31295,S2T10_S2,A,6
,,,,,,,,,S40415,S2T11,leaf,Emarginata_Plate5_2014,G8,2821,,,S2,-32.38353,116.3131,S2T11_S2,A,6
,,,,,,,,,S40282,S2T12,leaf,Emarginata_Plate4_2014,B4,2820,,,S2,-32.38484,116.31353,S2T12_S2,A,6
,,,,,,,,,S40289,S2T13,leaf,Emarginata_Plate4_2014,A5,2819,,,S2,-32.38584,116.31461,S2T13_S2,A,6
,,,,,,,,,S40390,S2T14,leaf,Emarginata_Plate5_2014,F5,2818,,,S2,-32.38678,116.31481,S2T14_S2,A,6
,,,,,,,,,S40438,S2T15,leaf,Emarginata_Plate5_2014,F11,2817,,,S2,-32.38791,116.31537,S2T15_S2,A,6
,,,,,,,,,S40215,S2T2,leaf,Emarginata_Plate3_2014,F7,2830,,,S2,-32.37199,116.30869,S2T2_S2,A,5
,,,,,,,,,S40370,S2T3,leaf,Emarginata_Plate5_2014,B3,2829,,,S2,-32.37323,116.30935,S2T3_S2,A,5
,,,,,,,,,S40365,S2T4,leaf,Emarginata_Plate5_2014,E2,2828,,,S2,-32.37493,116.31,S2T4_S2,A,6
,,,,,,,,,S40425,S2T5,leaf,Emarginata_Plate5_2014,A10,2827,,,S2,-32.37593,116.311,S2T5_S2,A,6
,,,,,,,,,S40163,S2T6,leaf,Emarginata_Plate3_2014,B1,2826,,,S2,-32.37706,116.31184,S2T6_S2,A,6
,,,,,,,,,S40400,S2T7,leaf,Emarginata_Plate5_2014,H6,2825,,,S2,-32.37845,116.31286,S2T7_S2,A,6
,,,,,,,,,S40189,S2T8,leaf,Emarginata_Plate3_2014,D4,2824,,,S2,-32.37963,116.3128,S2T8_S2,A,6
,,,,,,,,,S40409,S2T9,leaf,Emarginata_Plate5_2014,A8,2823,,,S2,-32.38077,116.31295,S2T9_S2,A,6
,,,,,,,,,S40203,S3T1,leaf,Emarginata_Plate3_2014,B6,2812,,,S3,-32.45036,116.52356,S3T1_S3,A,7
,,,,,,,,,S40305,S3T10,leaf,Emarginata_Plate4_2014,A7,2803,,,S3,-32.45121,116.53616,S3T10_S3,A,7
,,,,,,,,,S40347,S3T11,leaf,Emarginata_Plate4_2014,C12,2802,,,S3,-32.45135,116.53761,S3T11_S3,A,7
,,,,,,,,,S40222,S3T12,leaf,Emarginata_Plate3_2014,E8,2801,,,S3,-32.45142,116.53898,S3T12_S3,A,7
,,,,,,,,,S40326,S3T13,leaf,Emarginata_Plate4_2014,F9,2800,,failed,S3,-32.45158,116.54031,S3T13_S3,A,7
,,,,,,,,,S40227,S3T14,leaf,Emarginata_Plate3_2014,B9,2799,,,S3,-32.45153,116.54168,S3T14_S3,A,7
,,,,,,,,,S40308,S3T15,leaf,Emarginata_Plate4_2014,D7,2798,,,S3,-32.45177,116.54329,S3T15_S3,A,7
,,,,,,,,,S40344,S3T2,leaf,Emarginata_Plate4_2014,H11,2811,,failed,S3,-32.45064,116.52505,S3T2_S3,A,7
,,,,,,,,,S40228,S3T3,leaf,Emarginata_Plate3_2014,C9,2810,,,S3,-32.45059,116.52647,S3T3_S3,A,7
,,,,,,,,,S40410,S3T4,leaf,Emarginata_Plate5_2014,B8,2809,,,S3,-32.45071,116.52822,S3T4_S3,A,7
,,,,,,,,,S40274,S3T5,leaf,Emarginata_Plate4_2014,B3,2808,,,S3,-32.45094,116.52946,S3T5_S3,A,7
,,,,,,,,,S40424,S3T6,leaf,Emarginata_Plate5_2014,H9,2807,,,S3,-32.45087,116.5308,S3T6_S3,A,7
,,,,,,,,,S40300,S3T7,leaf,Emarginata_Plate4_2014,D6,2806,,,S3,-32.451,116.53197,S3T7_S3,A,7
,,,,,,,,,S40211,S3T8,leaf,Emarginata_Plate3_2014,B7,2805,,,S3,-32.45103,116.53365,S3T8_S3,A,7
,,,,,,,,,S40383,S3T9,leaf,Emarginata_Plate5_2014,G4,2804,,,S3,-32.45095,116.53497,S3T9_S3,A,7
,,,,,,,,,S40343,S4T1,leaf,Emarginata_Plate4_2014,G11,3037,,,S4,-32.79277,116.22429,S4T1_S4,B,5
,,,,,,,,,S40336,S4T10,leaf,Emarginata_Plate4_2014,H10,3026,,,S4,-32.79152,116.22388,S4T10_S4,B,5
,,,,,,,,,S40404,S4T11,leaf,Emarginata_Plate5_2014,D7,3025,,,S4,-32.79195,116.22511,S4T11_S4,B,5
,,,,,,,,,S40225,S4T12,leaf,Emarginata_Plate3_2014,H8,3024,,,S4,-32.79177,116.22636,S4T12_S4,B,5
,,,,,,,,,S40166,S4T13,leaf,Emarginata_Plate3_2014,E1,3023,,,S4,-32.79191,116.22754,S4T13_S4,B,5
,,,,,,,,,S40311,S4T14,leaf,Emarginata_Plate4_2014,G7,3022,,,S4,-32.79194,116.22904,S4T14_S4,B,5
,,,,,,,,,S40368,S4T15,leaf,Emarginata_Plate5_2014,H2,3021,,,S4,-32.79212,116.23014,S4T15_S4,B,5
,,,,,,,,,S40229,S4T2,leaf,Emarginata_Plate3_2014,D9,3036,,,S4,-32.79365,116.22398,S4T2_S4,B,5
,,,,,,,,,S40339,S4T3,leaf,Emarginata_Plate4_2014,C11,3035,,,S4,-32.80117,116.22387,S4T3_S4,B,5
,,,,,,,,,S40353,S4T4,leaf,Emarginata_Plate5_2014,A1,3034,,,S4,-32.80259,116.22382,S4T4_S4,B,5
,,,,,,,,,S40182,S4T5,leaf,Emarginata_Plate3_2014,E3,3033,,,S4,-32.80383,116.22259,S4T5_S4,B,5
,,,,,,,,,S40321,S4T6,leaf,Emarginata_Plate4_2014,A9,3032,,,S4,-32.80495,116.22237,S4T6_S4,B,5
,,,,,,,,,S40252,S4T7,leaf,Emarginata_Plate3_2014,C12,3029,,,S4,-32.8061,116.22195,S4T7_S4,B,5
,,,,,,,,,S40440,S4T8,leaf,Emarginata_Plate5_2014,H11,3028,,,S4,-32.80717,116.2212,S4T8_S4,B,5
,,,,,,,,,S40266,S4T9,leaf,Emarginata_Plate4_2014,B2,3027,,,S4,-32.80764,116.21969,S4T9_S4,B,5
,,,,,,,,,S40392,S5T1,leaf,Emarginata_Plate5_2014,H5,3016,,,S5,-32.7408,116.08,S5T1_S5,B,3
,,,,,,,,,S40291,S5T10,leaf,Emarginata_Plate4_2014,C5,3007,,,S5,-32.74302,116.07868,S5T10_S5,B,3
,,,,,,,,,S40408,S5T11,leaf,Emarginata_Plate5_2014,H7,3006,,,S5,-32.74231,116.07786,S5T11_S5,B,3
,,,,,,,,,S40422,S5T12,leaf,Emarginata_Plate5_2014,F9,3005,,,S5,-32.74072,116.07779,S5T12_S5,B,3
,,,,,,,,,S40238,S5T13,leaf,Emarginata_Plate3_2014,E10,3004,,failed,S5,-32.73962,116.07808,S5T13_S5,B,3
,,,,,,,,,S40241,S5T14,leaf,Emarginata_Plate3_2014,H10,3003,,,S5,-32.73861,116.07796,S5T14_S5,B,3
,,,,,,,,,S40253,S5T15,leaf,Emarginata_Plate3_2014,D12,3002,,,S5,-32.73766,116.07752,S5T15_S5,B,3
,,,,,,,,,S40442,S5T2,leaf,Emarginata_Plate5_2014,B12,3015,,,S5,-32.74343,116.0817,S5T2_S5,B,3
,,,,,,,,,S40420,S5T3,leaf,Emarginata_Plate5_2014,D9,3014,,,S5,-32.74479,116.08267,S5T3_S5,B,3
,,,,,,,,,S40279,S5T4,leaf,Emarginata_Plate4_2014,G3,3013,,,S5,-32.74641,116.08344,S5T4_S5,B,3
,,,,,,,,,S40313,S5T5,leaf,Emarginata_Plate4_2014,A8,3012,,,S5,-32.74787,116.08394,S5T5_S5,B,3
,,,,,,,,,S40322,S5T6,leaf,Emarginata_Plate4_2014,B9,3011,,,S5,-32.74915,116.08443,S5T6_S5,B,3
,,,,,,,,,S40273,S5T7,leaf,Emarginata_Plate4_2014,A3,3010,,,S5,-32.75099,116.08483,S5T7_S5,B,3
,,,,,,,,,S40407,S5T8,leaf,Emarginata_Plate5_2014,G7,3009,,,S5,-32.75279,116.08531,S5T8_S5,B,3
,,,,,,,,,S40239,S5T9,leaf,Emarginata_Plate3_2014,F10,3008,,,S5,-32.74305,116.08006,S5T9_S5,B,3
,,,,,,,,,S40212,S6T1,leaf,Emarginata_Plate3_2014,C7,2786,,,S6,-33.36591,116.18001,S6T1_S6,C,4
,,,,,,,,,S40248,S6T10,leaf,Emarginata_Plate3_2014,G11,2777,,,S6,-33.37425,116.17416,S6T10_S6,C,4
,,,,,,,,,S40386,S6T11,leaf,Emarginata_Plate5_2014,B5,2776,,,S6,-33.37521,116.17411,S6T11_S6,C,4
,,,,,,,,,S40399,S6T12,leaf,Emarginata_Plate5_2014,G6,2775,,,S6,-33.37577,116.1732,S6T12_S6,C,4
,,,,,,,,,S40176,S6T13,leaf,Emarginata_Plate3_2014,G2,2774,,,S6,-33.37499,116.1726,S6T13_S6,C,4
,,,,,,,,,S40187,S6T14,leaf,Emarginata_Plate3_2014,B4,2773,,,S6,-33.37445,116.1708,S6T14_S6,C,4
,,,,,,,,,S40277,S6T15,leaf,Emarginata_Plate4_2014,E3,2772,,,S6,-33.37376,116.16936,S6T15_S6,C,4
,,,,,,,,,S40262,S6T2,leaf,Emarginata_Plate4_2014,F1,2785,,,S6,-33.36697,116.17917,S6T2_S6,C,4
,,,,,,,,,S40200,S6T3,leaf,Emarginata_Plate3_2014,G5,2784,,,S6,-33.36829,116.17882,S6T3_S6,C,4
,,,,,,,,,S40325,S6T4,leaf,Emarginata_Plate4_2014,E9,2783,,,S6,-33.36876,116.17751,S6T4_S6,C,4
,,,,,,,,,S40193,S6T5,leaf,Emarginata_Plate3_2014,H4,2782,,,S6,-33.36992,116.17664,S6T5_S6,C,4
,,,,,,,,,S40245,S6T6,leaf,Emarginata_Plate3_2014,D11,2781,,,S6,-33.37031,116.17573,S6T6_S6,C,4
,,,,,,,,,S40367,S6T7,leaf,Emarginata_Plate5_2014,G2,2780,,,S6,-33.37107,116.17477,S6T7_S6,C,4
,,,,,,,,,S40352,S6T8,leaf,Emarginata_Plate4_2014,H12,2779,,failed,S6,-33.37213,116.1745,S6T8_S6,C,4
,,,,,,,,,S40270,S6T9,leaf,Emarginata_Plate4_2014,F2,2778,,,S6,-33.37302,116.17448,S6T9_S6,C,4
,,,,,,,,,S40220,S7T1,leaf,Emarginata_Plate3_2014,C8,2771,,,S7,-33.22218,116.58794,S7T1_S7,C,8
,,,,,,,,,S40337,S7T10,leaf,Emarginata_Plate4_2014,A11,2762,,,S7,-33.23113,116.57872,S7T10_S7,C,8
,,,,,,,,,S40439,S7T11,leaf,Emarginata_Plate5_2014,G11,2761,,failed,S7,-33.23119,116.57726,S7T11_S7,C,8
,,,,,,,,,S40385,S7T12,leaf,Emarginata_Plate5_2014,A5,2760,,,S7,-33.23153,116.57593,S7T12_S7,C,8
,,,,,,,,,S40418,S7T13,leaf,Emarginata_Plate5_2014,B9,2759,,,S7,-33.23148,116.57423,S7T13_S7,C,8
,,,,,,,,,S40208,S7T14,leaf,Emarginata_Plate3_2014,G6,2758,,,S7,-33.23212,116.57256,S7T14_S7,C,8
,,,,,,,,,S40210,S7T15,leaf,Emarginata_Plate3_2014,A7,2757,,,S7,-33.23261,116.57138,S7T15_S7,C,8
,,,,,,,,,S40328,S7T2,leaf,Emarginata_Plate4_2014,H9,2770,,,S7,-33.22421,116.5879,S7T2_S7,C,8
,,,,,,,,,S40299,S7T3,leaf,Emarginata_Plate4_2014,C6,2769,,,S7,-33.22523,116.58746,S7T3_S7,C,8
,,,,,,,,,S40198,S7T4,leaf,Emarginata_Plate3_2014,E5,2768,,,S7,-33.22632,116.58621,S7T4_S7,C,8
,,,,,,,,,S40254,S7T5,leaf,Emarginata_Plate3_2014,E12,2767,,,S7,-33.22759,116.58557,S7T5_S7,C,8
,,,,,,,,,S40181,S7T6,leaf,Emarginata_Plate3_2014,D3,2766,,,S7,-33.22943,116.58543,S7T6_S7,C,8
,,,,,,,,,S40379,S7T7,leaf,Emarginata_Plate5_2014,C4,2765,,,S7,-33.23062,116.58412,S7T7_S7,C,8
,,,,,,,,,S40378,S7T8,leaf,Emarginata_Plate5_2014,B4,2764,,,S7,-33.23043,116.58174,S7T8_S7,C,8
,,,,,,,,,S40164,S7T9,leaf,Emarginata_Plate3_2014,C1,2763,,,S7,-33.2307,116.58033,S7T9_S7,C,8
,,,,,,,,,S40351,S8T1,leaf,Emarginata_Plate4_2014,G12,2899,,failed,S8,-33.91994,115.41758,S8T1_S8,D,1
,,,,,,,,,S40186,S8T10,leaf,Emarginata_Plate3_2014,A4,2890,,,S8,-33.92222,115.39954,S8T10_S8,D,1
,,,,,,,,,S40348,S8T11,leaf,Emarginata_Plate4_2014,D12,2889,,,S8,-33.92248,115.3976,S8T11_S8,D,1
,,,,,,,,,S40190,S8T12,leaf,Emarginata_Plate3_2014,E4,2888,,,S8,-33.92276,115.39579,S8T12_S8,D,1
,,,,,,,,,S40369,S8T13,leaf,Emarginata_Plate5_2014,A3,2887,,,S8,-33.92266,115.39412,S8T13_S8,D,1
,,,,,,,,,S40214,S8T14,leaf,Emarginata_Plate3_2014,E7,2886,,,S8,-33.92297,115.39101,S8T14_S8,D,1
,,,,,,,,,S40382,S8T15,leaf,Emarginata_Plate5_2014,F4,2885,,,S8,-33.92344,115.38905,S8T15_S8,D,1
,,,,,,,,,S40257,S8T2,leaf,Emarginata_Plate4_2014,A1,2898,,,S8,-33.92013,115.41592,S8T2_S8,D,1
,,,,,,,,,S40261,S8T3,leaf,Emarginata_Plate4_2014,E1,2897,,,S8,-33.92013,115.41406,S8T3_S8,D,1
,,,,,,,,,S40281,S8T4,leaf,Emarginata_Plate4_2014,A4,2896,,,S8,-33.92027,115.41271,S8T4_S8,D,1
,,,,,,,,,S40167,S8T5,leaf,Emarginata_Plate3_2014,F1,2895,,,S8,-33.92085,115.41032,S8T5_S8,D,1
,,,,,,,,,S40196,S8T6,leaf,Emarginata_Plate3_2014,C5,2894,,,S8,-33.92136,115.40698,S8T6_S8,D,1
,,,,,,,,,S40246,S8T7,leaf,Emarginata_Plate3_2014,E11,2893,,,S8,-33.92155,115.40501,S8T7_S8,D,1
,,,,,,,,,S40354,S8T8,leaf,Emarginata_Plate5_2014,B1,2892,,,S8,-33.9217,115.4035,S8T8_S8,D,1
,,,,,,,,,S40414,S8T9,leaf,Emarginata_Plate5_2014,F8,2891,,,S8,-33.92172,115.40179,S8T9_S8,D,1
,,,,,,,,,S40387,S9T1,leaf,Emarginata_Plate5_2014,C5,2992,,,S9,-34.07878,116.56883,S9T1_S9,D,7
,,,,,,,,,S40403,S9T10,leaf,Emarginata_Plate5_2014,C7,2983,,,S9,-34.07557,116.5833,S9T10_S9,D,8
,,,,,,,,,S40240,S9T11,leaf,Emarginata_Plate3_2014,G10,2982,,,S9,-34.07522,116.585,S9T11_S9,D,8
,,,,,,,,,S40230,S9T12,leaf,Emarginata_Plate3_2014,E9,2981,,,S9,-34.07515,116.58663,S9T12_S9,D,8
,,,,,,,,,S40402,S9T13,leaf,Emarginata_Plate5_2014,B7,2980,,,S9,-34.07409,116.58922,S9T13_S9,D,8
,,,,,,,,,S40183,S9T14,leaf,Emarginata_Plate3_2014,F3,2979,,,S9,-34.07362,116.59111,S9T14_S9,D,8
,,,,,,,,,S40320,S9T15,leaf,Emarginata_Plate4_2014,H8,2978,,,S9,-34.07245,116.59295,S9T15_S9,D,8
,,,,,,,,,S40302,S9T2,leaf,Emarginata_Plate4_2014,F6,2991,,,S9,-34.07825,116.57017,S9T2_S9,D,7
,,,,,,,,,S40341,S9T3,leaf,Emarginata_Plate4_2014,E11,2990,,,S9,-34.07795,116.57189,S9T3_S9,D,8
,,,,,,,,,S40381,S9T4,leaf,Emarginata_Plate5_2014,E4,2989,,,S9,-34.07749,116.57375,S9T4_S9,D,8
,,,,,,,,,S40258,S9T5,leaf,Emarginata_Plate4_2014,B1,2988,,,S9,-34.07719,116.57507,S9T5_S9,D,8
,,,,,,,,,S40364,S9T6,leaf,Emarginata_Plate5_2014,D2,2987,,,S9,-34.07668,116.57724,S9T6_S9,D,8
,,,,,,,,,S40232,S9T7,leaf,Emarginata_Plate3_2014,G9,2986,,,S9,-34.07624,116.5785,S9T7_S9,D,8
,,,,,,,,,S40317,S9T8,leaf,Emarginata_Plate4_2014,E8,2985,,,S9,-34.07595,116.57994,S9T8_S9,D,8
,,,,,,,,,S40250,S9T9,leaf,Emarginata_Plate3_2014,A12,2984,,,S9,-34.07569,116.58172,S9T9_S9,D,8
,,,,,,,,,S40318,LT1,leaf,Emarginata_Plate4_2014,F8,2837,,,T1,-32.35943,116.12353,LT1_T1,A,4
,,,,,,,,,S40243,LT10,leaf,Emarginata_Plate3_2014,B11,2813,,,T1,-32.4533,116.47964,LT10_T1,A,7
,,,,,,,,,S40269,LT2,leaf,Emarginata_Plate4_2014,E2,2836,,,T1,-32.36637,116.15427,LT2_T1,A,4
,,,,,,,,,S40303,LT3,leaf,Emarginata_Plate4_2014,G6,2835,,,T1,-32.36928,116.18626,LT3_T1,A,5
,,,,,,,,,S40416,LT4,leaf,Emarginata_Plate5_2014,H8,2834,,,T1,-32.37954,116.21782,LT4_T1,A,5
,,,,,,,,,S40249,LT5,leaf,Emarginata_Plate3_2014,H11,2833,,,T1,-32.37978,116.24908,LT5_T1,A,5
,,,,,,,,,S40192,LT6,leaf,Emarginata_Plate3_2014,G4,2832,,,T1,-32.36715,116.28143,LT6_T1,A,5
,,,,,,,,,S40323,LT7,leaf,Emarginata_Plate4_2014,C9,2816,,,T1,-32.40617,116.35989,LT7_T1,A,6
,,,,,,,,,S40310,LT8,leaf,Emarginata_Plate4_2014,F7,2815,,,T1,-32.43634,116.40794,LT8_T1,A,6
,,,,,,,,,S40371,LT9,leaf,Emarginata_Plate5_2014,C3,2814,,,T1,-32.46771,116.43658,LT9_T1,A,6
,,,,,,,,,S40285,LT11,leaf,Emarginata_Plate4_2014,E4,3057,,,T2,-32.82808,116.47256,LT11_T2,B,7
,,,,,,,,,S40268,LT12,leaf,Emarginata_Plate4_2014,D2,3056,,,T2,-32.8296,116.47147,LT12_T2,B,7
,,,,,,,,,S40284,LT13,leaf,Emarginata_Plate4_2014,D4,3055,,,T2,-32.83124,116.4706,LT13_T2,B,7
,,,,,,,,,S40419,LT14,leaf,Emarginata_Plate5_2014,C9,3054,,,T2,-32.83297,116.46999,LT14_T2,B,7
,,,,,,,,,S40205,LT15,leaf,Emarginata_Plate3_2014,D6,3053,,,T2,-32.83403,116.4694,LT15_T2,B,7
,,,,,,,,,S40237,LT16,leaf,Emarginata_Plate3_2014,D10,3052,,,T2,-32.83481,116.46909,LT16_T2,B,6
,,,,,,,,,S40275,LT17,leaf,Emarginata_Plate4_2014,C3,3051,,,T2,-32.83592,116.46804,LT17_T2,B,6
,,,,,,,,,S40218,LT18,leaf,Emarginata_Plate3_2014,A8,3050,,,T2,-32.8368,116.46783,LT18_T2,B,6
,,,,,,,,,S40272,LT19,leaf,Emarginata_Plate4_2014,H2,3049,,,T2,-32.83762,116.46709,LT19_T2,B,6
,,,,,,,,,S40236,LT20,leaf,Emarginata_Plate3_2014,C10,3048,,,T2,-32.83898,116.46762,LT20_T2,B,6
,,,,,,,,,S40376,LT21,leaf,Emarginata_Plate5_2014,H3,3047,,,T2,-32.83907,116.46906,LT21_T2,B,6
,,,,,,,,,S40398,LT22,leaf,Emarginata_Plate5_2014,F6,3046,,,T2,-32.83907,116.47041,LT22_T2,B,7
,,,,,,,,,S40346,LT23,leaf,Emarginata_Plate4_2014,B12,3045,,,T2,-32.83903,116.47152,LT23_T2,B,7
,,,,,,,,,S40332,LT24,leaf,Emarginata_Plate4_2014,D10,3044,,,T2,-32.83896,116.47299,LT24_T2,B,7
,,,,,,,,,S40233,LT25,leaf,Emarginata_Plate3_2014,H9,3043,,,T2,-32.8391,116.47453,LT25_T2,B,7
,,,,,,,,,S40276,LT26,leaf,Emarginata_Plate4_2014,D3,3042,,,T2,-32.86766,116.43665,LT26_T2,B,6
,,,,,,,,,S40366,LT27,leaf,Emarginata_Plate5_2014,F2,3041,,,T2,-32.86815,116.38445,LT27_T2,B,6
,,,,,,,,,S40255,LT28,leaf,Emarginata_Plate3_2014,F12,3040,,,T2,-32.83548,116.31289,LT28_T2,B,6
,,,,,,,,,S40260,LT29,leaf,Emarginata_Plate4_2014,D1,3039,,,T2,-32.8218,116.28854,LT29_T2,B,5
,,,,,,,,,S40304,LT30,leaf,Emarginata_Plate4_2014,H6,3038,,,T2,-32.80313,116.24879,LT30_T2,B,5
,,,,,,,,,S40375,LT31,leaf,Emarginata_Plate5_2014,G3,3020,,,T2,-32.77691,116.1787,LT31_T2,B,4
,,,,,,,,,S40296,LT32,leaf,Emarginata_Plate4_2014,H5,3019,,,T2,-32.75137,116.16,LT32_T2,B,4
,,,,,,,,,S40221,LT33,leaf,Emarginata_Plate3_2014,D8,3018,,,T2,-32.74682,116.1322,LT33_T2,B,4
,,,,,,,,,S40432,LT34,leaf,Emarginata_Plate5_2014,H10,3017,,,T2,-32.73581,116.10424,LT34_T2,B,4
,,,,,,,,,S40297,LT35,leaf,Emarginata_Plate4_2014,A6,3001,,,T2,-32.71638,116.05927,LT35_T2,B,3
,,,,,,,,,S40373,LT36,leaf,Emarginata_Plate5_2014,E3,3000,,,T2,-32.71958,116.02869,LT36_T2,B,3
,,,,,,,,,S40265,LT37,leaf,Emarginata_Plate4_2014,A2,2999,,,T2,-32.71325,115.99771,LT37_T2,B,3
,,,,,,,,,S40377,LT38,leaf,Emarginata_Plate5_2014,A4,2998,,,T2,-32.70288,115.95763,LT38_T2,B,2
,,,,,,,,,S40447,LT38R,leaf,Emarginata_Plate5_2014,G12,2998R,,failed,T2,,,LT38R_T2,B,9
,,,,,,,,,S40329,LT39,leaf,Emarginata_Plate4_2014,A10,2797,,,T2,-32.6642,115.88882,LT39_T2,B,2
,,,,,,,,,S40184,LT40,leaf,Emarginata_Plate3_2014,G3,2796,,,T2,-32.64188,115.86926,LT40_T2,B,2
,,,,,,,,,S40309,LT41,leaf,Emarginata_Plate4_2014,E7,2795,,,T2,-32.67619,115.85899,LT41_T2,B,2
,,,,,,,,,S40185,LT42,leaf,Emarginata_Plate3_2014,H3,2794,,,T2,-32.72715,115.81561,LT42_T2,B,2
,,,,,,,,,S40207,LT43,leaf,Emarginata_Plate3_2014,F6,2793,,,T2,-32.74938,115.78262,LT43_T2,B,2
,,,,,,,,,S40231,LT44,leaf,Emarginata_Plate3_2014,F9,2792,,,T2,-32.76661,115.77372,LT44_T2,B,2
,,,,,,,,,S40406,LT45,leaf,Emarginata_Plate5_2014,F7,2791,,,T2,-32.81778,115.71828,LT45_T2,B,2
,,,,,,,,,S40235,LT46,leaf,Emarginata_Plate3_2014,B10,2790,,,T2,-32.81698,115.70027,LT46_T2,B,2
,,,,,,,,,S40441,LT47,leaf,Emarginata_Plate5_2014,A12,2789,,,T2,-32.8273,115.68937,LT47_T2,B,2
,,,,,,,,,S40327,LT48,leaf,Emarginata_Plate4_2014,G9,2788,,,T2,-32.85978,115.70316,LT48_T2,B,2
,,,,,,,,,S40209,LT49,leaf,Emarginata_Plate3_2014,H6,2787,,,T2,-32.88489,115.71147,LT49_T2,B,2
,,,,,,,,,S40350,LT50,leaf,Emarginata_Plate4_2014,F12,2756,,failed,T3,-33.24837,116.54433,LT50_T3,C,7
,,,,,,,,,S40293,LT51,leaf,Emarginata_Plate4_2014,E5,2755,,,T3,-33.27108,116.52245,LT51_T3,C,7
,,,,,,,,,S40242,LT52,leaf,Emarginata_Plate3_2014,A11,2754,,,T3,-33.28727,116.49473,LT52_T3,C,7
,,,,,,,,,S40391,LT53,leaf,Emarginata_Plate5_2014,G5,2753,,,T3,-33.31055,116.47189,LT53_T3,C,7
,,,,,,,,,S40204,LT54,leaf,Emarginata_Plate3_2014,C6,2752,,,T3,-33.33131,116.4475,LT54_T3,C,6
,,,,,,,,,S40165,LT55,leaf,Emarginata_Plate3_2014,D1,2751,,,T3,-33.34514,116.41485,LT55_T3,C,6
,,,,,,,,,S40434,LT56,leaf,Emarginata_Plate5_2014,B11,2750,,,T3,-33.36501,116.38746,LT56_T3,C,6
,,,,,,,,,S40338,LT57,leaf,Emarginata_Plate4_2014,B11,2749,,,T3,-33.37779,116.34279,LT57_T3,C,6
,,,,,,,,,S40168,LT58,leaf,Emarginata_Plate3_2014,G1,2747,,,T3,-33.37698,116.25771,LT58_T3,C,5
,,,,,,,,,S40280,LT58NR,leaf,Emarginata_Plate4_2014,H3,2748,,'duplicated number, not a technical replicate',T3,-33.37198,116.2977,LT58R_T3,C,5
,,,,,,,,,S40427,LT59,leaf,Emarginata_Plate5_2014,C10,2746,,,T3,-33.37497,116.21679,LT59_T3,C,5
,,,,,,,,,S40199,LT60,leaf,Emarginata_Plate3_2014,F5,2745,,,T3,-33.33883,116.10004,LT60_T3,C,4
,,,,,,,,,S40234,LT61,leaf,Emarginata_Plate3_2014,A10,2744,,,T3,-33.3251,116.02615,LT61_T3,C,3
,,,,,,,,,S40312,LT62,leaf,Emarginata_Plate4_2014,H7,2743,,,T3,-33.31871,115.98141,LT62_T3,C,2
,,,,,,,,,S40360,LT63,leaf,Emarginata_Plate5_2014,H1,2742,,failed,T3,-33.29004,115.94493,LT63_T3,C,2
,,,,,,,,,S40359,LT64,leaf,Emarginata_Plate5_2014,G1,2741,,,T3,-33.29026,115.87714,LT64_T3,C,2
,,,,,,,,,S40334,LT65,leaf,Emarginata_Plate4_2014,F10,2740,,,T3,-33.30256,115.84466,LT65_T3,C,2
,,,,,,,,,S40306,LT66,leaf,Emarginata_Plate4_2014,B7,2739,,,T3,-33.31934,115.73087,LT66_T3,C,2
,,,,,,,,,S40389,LT67,leaf,Emarginata_Plate5_2014,E5,2738,,,T3,-33.42204,115.62144,LT67_T3,C,1
,,,,,,,,,S40247,LT69,leaf,Emarginata_Plate3_2014,F11,2884,,,T4,-33.97027,115.10903,LT69_T4,D,1
,,,,,,,,,S40396,LT70,leaf,Emarginata_Plate5_2014,D6,2883,,,T4,-33.97291,115.13964,LT70_T4,D,1
,,,,,,,,,S40224,LT71,leaf,Emarginata_Plate3_2014,G8,2882,,,T4,-33.94007,115.19519,LT71_T4,D,1
,,,,,,,,,S40283,LT72,leaf,Emarginata_Plate4_2014,C4,2881,,,T4,-33.9407,115.24699,LT72_T4,D,1
,,,,,,,,,S40333,LT73,leaf,Emarginata_Plate4_2014,E10,2880,,,T4,-33.94016,115.29103,LT73_T4,D,1
,,,,,,,,,S40374,LT74,leaf,Emarginata_Plate5_2014,F3,2879,,,T4,-33.93232,115.32275,LT74_T4,D,1
,,,,,,,,,S40426,LT75,leaf,Emarginata_Plate5_2014,B10,2878,,,T4,-33.92703,115.35731,LT75_T4,D,1
,,,,,,,,,S40288,LT76,leaf,Emarginata_Plate4_2014,H4,2877,,,T4,-33.91811,115.44986,LT76_T4,D,1
,,,,,,,,,S40286,LT77,leaf,Emarginata_Plate4_2014,F4,2876,,,T4,-33.91629,115.48325,LT77_T4,D,1
,,,,,,,,,S40372,LT78,leaf,Emarginata_Plate5_2014,D3,2875,,,T4,-33.9157,115.51642,LT78_T4,D,1
,,,,,,,,,S40405,LT79,leaf,Emarginata_Plate5_2014,E7,2874,,,T4,-33.91554,115.54929,LT79_T4,D,1
,,,,,,,,,S40301,LT80,leaf,Emarginata_Plate4_2014,E6,2873,,,T4,-33.92577,115.5812,LT80_T4,D,1
,,,,,,,,,S40411,LT81,leaf,Emarginata_Plate5_2014,C8,2872,,,T4,-33.9357,115.61216,LT81_T4,D,1
,,,,,,,,,S40361,LT82,leaf,Emarginata_Plate5_2014,A2,2871,,,T4,-33.94665,115.64286,LT82_T4,D,1
,,,,,,,,,S40316,LT83,leaf,Emarginata_Plate4_2014,D8,2870,,,T4,-33.95417,115.67508,LT83_T4,D,2
,,,,,,,,,S40292,LT84,leaf,Emarginata_Plate4_2014,D5,2869,,,T4,-33.96102,115.70586,LT84_T4,D,2
,,,,,,,,,S40324,LT85,leaf,Emarginata_Plate4_2014,D9,2868,,,T4,-33.96866,115.73733,LT85_T4,D,2
,,,,,,,,,S40251,LT86,leaf,Emarginata_Plate3_2014,B12,2867,,,T4,-34.00497,115.81125,LT86_T4,D,2
,,,,,,,,,S40290,LT87,leaf,Emarginata_Plate4_2014,B5,2866,,,T4,-33.99268,115.8452,LT87_T4,D,2
,,,,,,,,,S40213,LT88,leaf,Emarginata_Plate3_2014,D7,2865,,,T4,-34.00578,115.90611,LT88_T4,D,2
,,,,,,,,,S40174,LT89,leaf,Emarginata_Plate3_2014,E2,2864,,,T4,-34.02903,115.97629,LT89_T4,D,2
,,,,,,,,,S40417,LT90,leaf,Emarginata_Plate5_2014,A9,2863,,failed,T4,-34.0096,116.0072,LT90_T4,D,3
,,,,,,,,,S40287,LT91,leaf,Emarginata_Plate4_2014,G4,2862,,failed,T4,-33.99345,116.06799,LT91_T4,D,3
,,,,,,,,,S40244,LT92,leaf,Emarginata_Plate3_2014,C11,2861,,,T4,-33.97792,116.11591,LT92_T4,D,4
,,,,,,,,,S40226,LT93,leaf,Emarginata_Plate3_2014,A9,2860,,,T4,-34.00626,116.15752,LT93_T4,D,4
,,,,,,,,,S40162,LT94,leaf,Emarginata_Plate3_2014,A1,2859,,,T4,-34.0276,116.18829,LT94_T4,D,5
,,,,,,,,,S40423,LT95,leaf,Emarginata_Plate5_2014,G9,2858,,,T4,-34.0676,116.28853,LT95_T4,D,5
,,,,,,,,,S40358,LT96,leaf,Emarginata_Plate5_2014,F1,2996,,failed,T4,-34.08288,116.33988,LT96_T4,D,6
,,,,,,,,,S40264,LT97,leaf,Emarginata_Plate4_2014,H1,2995,,failed,T4,-34.0887,116.39256,LT97_T4,D,6
,,,,,,,,,S40295,LT98,leaf,Emarginata_Plate4_2014,G5,2994,,,T4,-34.10289,116.46612,LT98_T4,D,6
,,,,,,,,,S40393,LT99,leaf,Emarginata_Plate5_2014,A6,2993,,,T4,-34.09553,116.51817,LT99_T4,D,7
,,,,,,,,,S40436,LT100,leaf,Emarginata_Plate5_2014,D11,2976,,,T5,-34.9427,116.72199,LT100_T5,E,9
,,,,,,,,,S40171,LT101,leaf,Emarginata_Plate3_2014,B2,2975,,,T5,-34.89043,116.70328,LT101_T5,E,9
,,,,,,,,,S40256,LT101R,leaf,Emarginata_Plate3_2014,G12,2975R,,,T5,,,LT101R_T5,E,9
,,,,,,,,,S40340,LT102,leaf,Emarginata_Plate4_2014,D11,2974,,,T5,-34.8644,116.71801,LT102_T5,E,9
,,,,,,,,,S40188,LT103,leaf,Emarginata_Plate3_2014,C4,2973,,,T5,-34.83796,116.72027,LT103_T5,E,9
,,,,,,,,,S40363,LT104,leaf,Emarginata_Plate5_2014,C2,2972,,,T5,-34.81056,116.72263,LT104_T5,E,9
,,,,,,,,,S40430,LT105,leaf,Emarginata_Plate5_2014,F10,2971,,,T5,-34.78056,116.71911,LT105_T5,E,9
,,,,,,,,,S40380,LT106,leaf,Emarginata_Plate5_2014,D4,2955,,,T5,-34.69292,116.70643,LT106_T5,E,9
,,,,,,,,,S40362,LT107,leaf,Emarginata_Plate5_2014,B2,2954,,,T5,-34.65591,116.70369,LT107_T5,E,9
,,,,,,,,,S40180,LT108,leaf,Emarginata_Plate3_2014,C3,2953,,,T5,-34.61856,116.69284,LT108_T5,E,9
,,,,,,,,,S40397,LT109,leaf,Emarginata_Plate5_2014,E6,2952,,,T5,-34.5811,116.68137,LT109_T5,E,9
,,,,,,,,,S40263,LT110,leaf,Emarginata_Plate4_2014,G1,2951,,,T5,-34.54916,116.65687,LT110_T5,E,8
,,,,,,,,,S40294,LT111,leaf,Emarginata_Plate4_2014,F5,2950,,,T5,-34.49363,116.63436,LT111_T5,E,8
,,,,,,,,,S40335,LT112,leaf,Emarginata_Plate4_2014,G10,2949,,,T5,-34.4519,116.63707,LT112_T5,E,8
,,,,,,,,,S40271,LT113,leaf,Emarginata_Plate4_2014,G2,2948,,,T5,-34.39389,116.52283,LT113_T5,E,7
,,,,,,,,,S40259,LT114,leaf,Emarginata_Plate4_2014,C1,2947,,,T5,-34.34562,116.33414,LT114_T5,E,6
,,,,,,,,,S40307,LT115,leaf,Emarginata_Plate4_2014,C7,2946,,,T5,-34.27254,116.19529,LT115_T5,E,5
,,,,,,,,,S40388,LT116,leaf,Emarginata_Plate5_2014,D5,2945,,,T5,-34.2188,115.97904,LT116_T5,E,2
,,,,,,,,,S40219,LT117,leaf,Emarginata_Plate3_2014,B8,2944,,,T5,-34.14561,115.84166,LT117_T5,E,2
,,,,,,,,,S40315,LT118,leaf,Emarginata_Plate4_2014,C8,2943,,,T5,-33.80476,115.67003,LT118_T5,E,2
,,,,,,,,,S40179,LT119,leaf,Emarginata_Plate3_2014,B3,2942,,,T5,-33.74561,115.78802,LT119_T5,E,2
,,,,,,,,,S40394,LT120,leaf,Emarginata_Plate5_2014,B6,2941,,,T5,-33.62514,115.86021,LT120_T5,E,2
,,,,,,,,,S40177,LT121,leaf,Emarginata_Plate3_2014,H2,2940,,failed,T5,-33.5354,115.97142,LT121_T5,E,2
,,,,,,,,,S40356,LT122,leaf,Emarginata_Plate5_2014,D1,2939,,,T5,-33.52837,116.11449,LT122_T5,E,4
,,,,,,,,,S40421,LT123,leaf,Emarginata_Plate5_2014,E9,2938,,,T5,-33.08243,115.9172,LT123_T5,E,2
,,,,,,,,,S40202,LT124,leaf,Emarginata_Plate3_2014,A6,2937,,,T5,-32.95705,115.9144,LT124_T5,E,2
,,,,,,,,,S40384,LT68,leaf,Emarginata_Plate5_2014,H4,2900,,,T5,-33.76601,115.42317,LT68_T5,E,1
,,,,,,,,,S40001,Bragg_115,,Emarginata_Plate1,A1,2415,,,,,,1,,
,,,,,,,,,S40002,Bragg_176,,Emarginata_Plate1,B1,2476,,,,,,2,,
,,,,,,,,,S40003,Bragg_127,,Emarginata_Plate1,C1,2427,,,,,,3,,
,,,,,,,,,S40004,Bragg_132,,Emarginata_Plate1,D1,2432,,,,,,4,,
,,,,,,,,,S40005,Bragg_131,,Emarginata_Plate1,F1,2431,,,,,,5,,
,,,,,,,,,S40006,Bragg_149,,Emarginata_Plate1,H1,2449,,,,,,6,,
,,,,,,,,,S40007,Bragg_114,,Emarginata_Plate1,A2,2414,,,,,,7,,
,,,,,,,,,S40008,Bragg_150,,Emarginata_Plate1,B2,2450,,,,,,8,,
,,,,,,,,,S40009,Bragg_153,,Emarginata_Plate1,C2,2453,,,,,,9,,
,,,,,,,,,S40010,Bragg_116,,Emarginata_Plate1,D2,2416,,,,,,10,,
,,,,,,,,,S40011,Bragg_119,,Emarginata_Plate1,E2,2419,,,,,,11,,
,,,,,,,,,S40012,Bragg_117,,Emarginata_Plate1,F2,2417,,,,,,12,,
,,,,,,,,,S40013,Bragg_118,,Emarginata_Plate1,G2,2418,,,,,,13,,
,,,,,,,,,S40014,Bragg_121,,Emarginata_Plate1,H2,2421,,,,,,14,,
,,,,,,,,,S40015,Bragg_190,,Emarginata_Plate1,A3,2496,,,,,,15,,
,,,,,,,,,S40016,Bragg_120,,Emarginata_Plate1,B3,2420,,,,,,16,,
,,,,,,,,,S40017,Bragg_198,,Emarginata_Plate1,C3,2498,,,,,,17,,
,,,,,,,,,S40018,Bragg_186,,Emarginata_Plate1,D3,2486,,,,,,18,,
,,,,,,,,,S40019,Bragg_189,,Emarginata_Plate1,E3,2489,,,,,,19,,
,,,,,,,,,S40020,Bragg_129,,Emarginata_Plate1,F3,2429,,,,,,20,,
,,,,,,,,,S40021,Bragg_128,,Emarginata_Plate1,G3,2428,,,,,,21,,
,,,,,,,,,S40022,Bragg_135,,Emarginata_Plate1,H3,2435,,,,,,22,,
,,,,,,,,,S40023,Bragg_136,,Emarginata_Plate1,A4,2436,,,,,,23,,
,,,,,,,,,S40024,Bragg_137,,Emarginata_Plate1,B4,2437,,,,,,24,,
,,,,,,,,,S40025,Bragg_138,,Emarginata_Plate1,C4,2438,,,,,,25,,
,,,,,,,,,S40026,Bragg_113,,Emarginata_Plate1,D4,2413,,,,,,26,,
,,,,,,,,,S40027,Bragg_109,,Emarginata_Plate1,E4,2409,,,,,,27,,
,,,,,,,,,S40028,Bragg_112,,Emarginata_Plate1,F4,2412,,,,,,28,,
,,,,,,,,,S40029,Bragg_108,,Emarginata_Plate1,G4,2408,,,,,,29,,
,,,,,,,,,S40030,Bragg_107,,Emarginata_Plate1,H4,2407,,,,,,30,,
,,,,,,,,,S40031,Bragg_106,,Emarginata_Plate1,A5,2406,,,,,,31,,
,,,,,,,,,S40032,Bragg_105,,Emarginata_Plate1,B5,2405,,,,,,32,,
,,,,,,,,,S40033,Bragg_103,,Emarginata_Plate1,C5,2403,,,,,,33,,
,,,,,,,,,S40034,Bragg_102,,Emarginata_Plate1,D5,2402,,,,,,34,,
,,,,,,,,,S40035,Bragg_197,,Emarginata_Plate1,E5,2497,,,,,,35,,
,,,,,,,,,S40036,Bragg_188,,Emarginata_Plate1,F5,2488,,,,,,36,,
,,,,,,,,,S40037,Bragg_178,,Emarginata_Plate1,G5,2478,,,,,,37,,
,,,,,,,,,S40038,Bragg_148,,Emarginata_Plate1,H5,2448,,,,,,38,,
,,,,,,,,,S40039,Bragg_134,,Emarginata_Plate1,A6,2434,,,,,,39,,
,,,,,,,,,S40040,Bragg_179,,Emarginata_Plate1,B6,2479,,,,,,40,,
,,,,,,,,,S40041,Bragg_124,,Emarginata_Plate1,C6,2424,,,,,,41,,
,,,,,,,,,S40042,Bragg_141,,Emarginata_Plate1,D6,2441,,,,,,42,,
,,,,,,,,,S40043,Bragg_145,,Emarginata_Plate1,E6,2445,,,,,,43,,
,,,,,,,,,S40044,Bragg_144,,Emarginata_Plate1,F6,2444,,,,,,44,,
,,,,,,,,,S40045,Bragg_140,,Emarginata_Plate1,G6,2440,,,,,,45,,
,,,,,,,,,S40046,Bragg_142,,Emarginata_Plate1,H6,2442,,,,,,46,,
,,,,,,,,,S40047,Bragg_143,,Emarginata_Plate1,A7,2443,,,,,,47,,
,,,,,,,,,S40048,Bragg_190,,Emarginata_Plate1,B7,2496,,,,,,48,,
,,,,,,,,,S40049,Bragg_191,,Emarginata_Plate1,C7,2491,,,,,,49,,
,,,,,,,,,S40050,Bragg_126,,Emarginata_Plate1,D7,2426,,,,,,50,,
,,,,,,,,,S40051,Bragg_110,,Emarginata_Plate1,E7,2410,,,,,,51,,
,,,,,,,,,S40052,Bragg_104,,Emarginata_Plate1,F7,2404,,,,,,52,,
,,,,,,,,,S40053,Bragg_111,,Emarginata_Plate1,G7,2411,,,,,,53,,
,,,,,,,,,S40054,Bragg_187,,Emarginata_Plate1,H7,2487,,,,,,54,,
,,,,,,,,,S40055,Bragg_195,,Emarginata_Plate1,A8,2495,,,,,,55,,
,,,,,,,,,S40056,Bragg_180,,Emarginata_Plate1,B8,2480,,,,,,56,,
,,,,,,,,,S40057,Bragg_338,,Emarginata_Plate1,C8,2638,,,,,,57,,
,,,,,,,,,S40058,Bragg_309,,Emarginata_Plate1,D8,2609,,,,,,58,,
,,,,,,,,,S40059,Bragg_365,,Emarginata_Plate1,E8,2665,,,,,,59,,
,,,,,,,,,S40060,Bragg_320,,Emarginata_Plate1,F8,2620,,,,,,60,,
,,,,,,,,,S40061,Bragg_362,,Emarginata_Plate1,G8,2662,,,,,,61,,
,,,,,,,,,S40062,Bragg_183,,Emarginata_Plate1,H8,2483,,,,,,62,,
,,,,,,,,,S40063,Bragg_139,,Emarginata_Plate1,A9,2439,,,,,,63,,
,,,,,,,,,S40064,Bragg_181,,Emarginata_Plate1,B9,2481,,,,,,64,,
,,,,,,,,,S40065,Bragg_368,,Emarginata_Plate1,C9,2668,,,,,,65,,
,,,,,,,,,S40066,Bragg_317,,Emarginata_Plate1,D9,2617,,,,,,66,,
,,,,,,,,,S40067,Bragg_312,,Emarginata_Plate1,E9,2612,,,,,,67,,
,,,,,,,,,S40068,Bragg_318,,Emarginata_Plate1,F9,2618,,,,,,68,,
,,,,,,,,,S40069,Bragg_323,,Emarginata_Plate1,G9,2623,,,,,,69,,
,,,,,,,,,S40070,Bragg_184,,Emarginata_Plate1,H9,2484,,,,,,70,,
,,,,,,,,,S40071,Bragg_329,,Emarginata_Plate1,A10,2629,,,,,,71,,
,,,,,,,,,S40072,Bragg_331,,Emarginata_Plate1,B10,2631,,,,,,72,,
,,,,,,,,,S40073,Bragg_370,,Emarginata_Plate1,C10,2670,,,,,,73,,
,,,,,,,,,S40074,Bragg_343,,Emarginata_Plate1,D10,2643,,,,,,74,,
,,,,,,,,,S40075,Bragg_363,,Emarginata_Plate1,E10,2663,,,,,,75,,
,,,,,,,,,S40076,Bragg_326,,Emarginata_Plate1,F10,2626,,,,,,76,,
,,,,,,,,,S40077,Bragg_322,,Emarginata_Plate1,G10,2622,,,,,,77,,
,,,,,,,,,S40078,Bragg_364,,Emarginata_Plate1,H10,2664,,,,,,78,,
,,,,,,,,,S40079,Bragg_325,,Emarginata_Plate1,A11,2625,,,,,,79,,
,,,,,,,,,S40080,Bragg_328,,Emarginata_Plate1,B11,2628,,,,,,80,,
,,,,,,,,,S40081,Bragg_324,,Emarginata_Plate1,C11,2624,,,,,,81,,
,,,,,,,,,S40082,Bragg_357,,Emarginata_Plate1,D11,2657,,,,,,82,,
,,,,,,,,,S40083,Bragg_356,,Emarginata_Plate1,E11,2656,,,,,,83,,
,,,,,,,,,S40084,Bragg_310,,Emarginata_Plate1,F11,2610,,,,,,84,,
,,,,,,,,,S40085,Bragg_351,,Emarginata_Plate1,G11,2651,,,,,,85,,
,,,,,,,,,S40086,Bragg_377,,Emarginata_Plate1,H11,2677,,,,,,86,,
,,,,,,,,,S40087,Bragg_313,,Emarginata_Plate1,A12,2613,,,,,,87,,
,,,,,,,,,S40088,Bragg_349,,Emarginata_Plate1,B12,2649,,,,,,88,,
,,,,,,,,,S40089,Bragg_321,,Emarginata_Plate1,C12,2621,,,,,,89,,
,,,,,,,,,S40090,Bragg_355,,Emarginata_Plate1,D12,2655,,,,,,90,,
,,,,,,,,,S40091,Bragg_379,,Emarginata_Plate1,E12,2679,,,,,,91,,
,,,,,,,,,S40092,Bragg_374,,Emarginata_Plate1,F12,2674,,,,,,92,,
,,,,,,,,,S40093,Bragg_376,,Emarginata_Plate1,G12,2676,,,,,,93,,
,,,,,,,,,S40094,Bragg_336,,Emarginata_Plate1,H12,2636,,,,,,94,,
,,,,,,,,,S40095,Bragg_311,,Emarginata_Plate2,A1,2611,,,,,,95,,
,,,,,,,,,S40096,Bragg_315,,Emarginata_Plate2,B1,2615,,,,,,96,,
,,,,,,,,,S40097,Bragg_327,,Emarginata_Plate2,C1,2627,,,,,,97,,
,,,,,,,,,S40098,Bragg_332,,Emarginata_Plate2,D1,2632,,,,,,98,,
,,,,,,,,,S40099,Bragg_372,,Emarginata_Plate2,E1,2672,,,,,,99,,
,,,,,,,,,S40100,Bragg_200,,Emarginata_Plate2,F1,2500,,,,,,100,,
,,,,,,,,,S40101,Bragg_314,,Emarginata_Plate2,G1,2614,,,,,,101,,
,,,,,,,,,S40102,Bragg_369,,Emarginata_Plate2,H1,2669,,,,,,102,,
,,,,,,,,,S40103,Bragg_306,,Emarginata_Plate2,A2,2606,,,,,,103,,
,,,,,,,,,S40104,Bragg_360,,Emarginata_Plate2,B2,2660,,,,,,104,,
,,,,,,,,,S40105,Bragg_316,,Emarginata_Plate2,C2,2616,,,,,,105,,
,,,,,,,,,S40106,Bragg_366,,Emarginata_Plate2,D2,2666,,,,,,106,,
,,,,,,,,,S40107,Bragg_330,,Emarginata_Plate2,E2,2630,,,,,,107,,
,,,,,,,,,S40108,Bragg_344,,Emarginata_Plate2,G2,2644,,,,,,108,,
,,,,,,,,,S40109,Bragg_359,,Emarginata_Plate2,H2,2659,,,,,,109,,
,,,,,,,,,S40110,Bragg_373,,Emarginata_Plate2,A3,2673,,,,,,110,,
,,,,,,,,,S40111,Bragg_353,,Emarginata_Plate2,B3,2653,,,,,,111,,
,,,,,,,,,S40112,Bragg_358,,Emarginata_Plate2,C3,2658,,,,,,112,,
,,,,,,,,,S40113,Bragg_333,,Emarginata_Plate2,D3,2633,,,,,,113,,
,,,,,,,,,S40114,Bragg_361,,Emarginata_Plate2,E3,2661,,,,,,114,,
,,,,,,,,,S40115,Bragg_352,,Emarginata_Plate2,F3,2652,,,,,,115,,
,,,,,,,,,S40116,Bragg_305,,Emarginata_Plate2,G3,2605,,,,,,116,,
,,,,,,,,,S40117,Bragg_354,,Emarginata_Plate2,H3,2654,,,,,,117,,
,,,,,,,,,S40118,Bragg_378,,Emarginata_Plate2,A4,2678,,,,,,118,,
,,,,,,,,,S40119,Bragg_319,,Emarginata_Plate2,B4,2619,,,,,,119,,
,,,,,,,,,S40120,Bragg_375,,Emarginata_Plate2,C4,2675,,,,,,120,,
,,,,,,,,,S40121,Bragg_130,,Emarginata_Plate2,D4,2430,,,,,,121,,
,,,,,,,,,S40122,Bragg_177,,Emarginata_Plate2,E4,2477,,,,,,122,,
,,,,,,,,,S40123,Alcoa_316-2616,,Emarginata_Plate2,H4,2715,,,,,,123,,
,,,,,,,,,S40124,Alcoa_184-2484,,Emarginata_Plate2,A5,2701,,,,,,124,,
,,,,,,,,,S40125,unk_30_S1.1,,Emarginata_Plate2,B5,2702,,,,,,125,,
,,,,,,,,,S40126,unk_420_S1.1,,Emarginata_Plate2,C5,2703,,,,,,126,,
,,,,,,,,,S40127,unk_395_S1.1,,Emarginata_Plate2,D5,2704,,,,,,127,,
,,,,,,,,,S40128,unk_403_S1.1,,Emarginata_Plate2,E5,2705,,,,,,128,,
,,,,,,,,,S40129,ATSC_A_18332,,Emarginata_Plate2,F5,2706,,,,,,129,,
,,,,,,,,,S40130,Alcoa_147-2447,,Emarginata_Plate2,G5,2707,,,,,,130,,
,,,,,,,,,S40131,unk_392,,Emarginata_Plate2,H5,2493,,,,,,131,,
,,,,,,,,,S40132,unk_31,,Emarginata_Plate2,A6,2401,,,,,,132,,
,,,,,,,,,S40133,ATSC_B_18332,,Emarginata_Plate2,B6,2708,,,,,,133,,
,,,,,,,,,S40134,unk_406_S1.1,,Emarginata_Plate2,C6,2709,,,,,,134,,
,,,,,,,,,S40135,unk_29_S1.1,,Emarginata_Plate2,D6,2710,,,,,,135,,
,,,,,,,,,S40136,unk_415_S1.1,,Emarginata_Plate2,E6,2711,,,,,,136,,
,,,,,,,,,S40137,unk_356_S1.1,,Emarginata_Plate2,F6,2712,,,,,,137,,
,,,,,,,,,S40138,unk_358_S1.1,,Emarginata_Plate2,G6,2713,,,,,,138,,
,,,,,,,,,S40139,unk_391_S1.1,,Emarginata_Plate2,H6,2714,,,,,,139,,
,,,,,,,,,S40140,unk_3_S1.1,,Emarginata_Plate2,A7,2719,,,,,,140,,
,,,,,,,,,S40141,unk_3_S1.2,,Emarginata_Plate2,B7,2720,,,,,,141,,
,,,,,,,,,S40142,unk_4_S1.1,,Emarginata_Plate2,C7,2716,,,,,,142,,
,,,,,,,,,S40143,unk_4_S1.2,,Emarginata_Plate2,D7,2721,,,,,,143,,
,,,,,,,,,S40144,unk_404_S1.1,,Emarginata_Plate2,E7,2722,,,,,,144,,
,,,,,,,,,S40145,unk_404_S1.2,,Emarginata_Plate2,F7,2723,,,,,,145,,
,,,,,,,,,S40146,unk_413_S1.1,,Emarginata_Plate2,G7,2724,,,,,,146,,
,,,,,,,,,S40147,unk_413_S1.2,,Emarginata_Plate2,H7,2725,,,,,,147,,
,,,,,,,,,S40148,unk_395_S1.2,,Emarginata_Plate2,A8,2726,,,,,,148,,
,,,,,,,,,S40149,unk_406_S1.2,,Emarginata_Plate2,B8,2727,,,,,,149,,
,,,,,,,,,S40150,unk_30_S1.2,,Emarginata_Plate2,C8,2728,,,,,,150,,
,,,,,,,,,S40151,unk_420_S1.2,,Emarginata_Plate2,D8,2729,,,,,,151,,
,,,,,,,,,S40152,unk_403_S1.2,,Emarginata_Plate2,E8,2730,,,,,,152,,
,,,,,,,,,S40153,unk_29_S1.2,,Emarginata_Plate2,F8,2731,,,,,,153,,
,,,,,,,,,S40154,unk_415_S1.2,,Emarginata_Plate2,G8,2732,,,,,,154,,
,,,,,,,,,S40155,unk_356_S1.2,,Emarginata_Plate2,H8,2733,,,,,,155,,
,,,,,,,,,S40156,unk_358_S1.2,,Emarginata_Plate2,A9,2734,,,,,,156,,
,,,,,,,,,S40157,unk_391_S1.2,,Emarginata_Plate2,B9,2735,,,,,,157,,
,,,,,,,,,S40158,unk_418_S1.1,,Emarginata_Plate2,C9,2717,,,,,,158,,
,,,,,,,,,S40159,unk_418_S1.2,,Emarginata_Plate2,D9,2736,,,,,,159,,
,,,,,,,,,S40160,unk_419_S1.1,,Emarginata_Plate2,E9,2718,,,,,,160,,
,,,,,,,,,S40161,unk_419_S1.2,,Emarginata_Plate2,F9,2737,,,,,,161,,
,,,,,,,,,blank1,blank1,blank,Emarginata_Plate3_2014,H12,blank,,,,,,162,,
,,,,,,,,,blank2,blank2,blank,Emarginata_Plate5_2014,H12,blank,,,,,,blank2_,,
